entity_id	business_name	business_address	country
S1-945437722	Joeann Hills Park Inc.	10101 Threave Road, Unit 301, Raleigh, NC	US
S1-935703127	Hartman & Hoang LLC	2694 -C Ih 45, New Waverly, TX	US
S1-134898809	Corner Hypnosis	26 Stone Street, Unit 3, Beverly, MA	US
S1-602913883	Cascade Allied Telecom LLC	165 Linden Street, Unit 106, Wellesley, MA	US
S1-965549055	Wilson Toyo LLC	120 Lake Drive, Stevensville, MD	US
S1-20267366	Barbara Quinn Desert Better LLC	57 Powers Street, Dedham, MA	US
S1-223600564	Pushpam Institute Corp	1204, Block-C, Stratum @ Venus Ground, Nr. Jhansi Ki Rani Statue, Nehrunagar, Ahmadabad City, Ahmedabad, Gujarat	India
S1-417074218	One Constructions Private Limited	130, Zahoor Garden, Khaggu Sarai, Sambhal, Moradabad, Uttar Pradesh	India
S1-173971969	Hotel It Pvt Ltd	Kailash Bihari Singh, Cou, Po-Bhagwan, Chapra, Saran, Bihar	India
S1-564729135	Dream Construction Limited	H.No.16-11-23/37/A, 2Nd Floor, Flat No.207, Sagar Hotel Building, Opp.Rta Office, Mo, Osarambagh, Hyderabad, Telangana	India
S1-68201540	Marketing Balaji Label Limited	Kerala, 4Th Floor, Thiruvananthapuram, Capital Tower, Statue, Thiruvananthapuram, Trivandrum	India
S1-785847572	Consulting Nyasa Nursing Private Limited	2505, Tower 1, Oakwood, Runwal Greens, Mulund Goreagon Link Road, Near Fortis Hospital, Bhandup West, Mumbai, Maharashtra	India
